{
  "days": 999,
  "years": 2.736986301369863,
  "naive": {
    "apy": 0.503338801502258,
    "maxDrawdown": 0.2031184051775077,
    "sharpe": 2.103819579452474,
    "finalNav": 3.0521243176115744
  },
  "hedged": {
    "apy": 0.30755028906009296,
    "maxDrawdown": 0.20318457199725448,
    "sharpe": 1.4272385303306188,
    "finalNav": 2.0832675463073196
  },
  "btc": {
    "apy": 0.38361622403804474,
    "maxDrawdown": 0.5115888570490237,
    "finalNav": 2.4319681946457172
  },
  "navNaive": [
    1,
    1.0652488911512625,
    1.062703237372077,
    1.057527173416756,
    1.0469549185118967,
    1.0515535346879998,
    1.056221139163348,
    1.0500886697676577,
    0.9933874657064603,
    1.0116691093450958,
    1.035754087490564,
    1.0759425399493152,
    1.0961305535977166,
    1.0524557062528601,
    1.045827075740459,
    1.0848723502650617,
    1.1024394385450271,
    1.0811279526958202,
    1.0857196853202062,
    1.0973901995311488,
    1.1120748316517377,
    1.119218931005766,
    1.1299517393919374,
    1.1298870053911203,
    1.1275907740791604,
    1.1067822164427368,
    1.146038258179216,
    1.1488491566744274,
    1.193688563014395,
    1.2520432142687843,
    1.2454891568387079,
    1.241705858555769,
    1.2728445386773082,
    1.289694124631436,
    1.1781843543889403,
    1.1072317674422063,
    1.1326589284861381,
    1.1215916247042579,
    1.042882203339123,
    1.0802423749678702,
    1.150159919228349,
    1.165629289371155,
    1.1955203106284125,
    1.1913729232727286,
    1.2194766655213587,
    1.2531432835036265,
    1.2727060801909442,
    1.259974291302054,
    1.2619339968457624,
    1.2473797223374323,
    1.2363688505027626,
    1.2780713001839388,
    1.32641466110487,
    1.3700027766426084,
    1.4238542296971823,
    1.4384742111406608,
    1.478851022146211,
    1.457432792080699,
    1.4411888407330706,
    1.3914878669331707,
    1.363758810197357,
    1.3779083216649093,
    1.3574719554128478,
    1.39337096339685,
    1.4239583275420338,
    1.4109920194753915,
    1.2726879768185848,
    1.3209953255350355,
    1.352314231793707,
    1.3582898092628335,
    1.408315540176272,
    1.4748671279765873,
    1.4984198182969017,
    1.5200830922461532,
    1.5118577310130772,
    1.5615063457457485,
    1.5776732900598989,
    1.582724056877307,
    1.6225898290594856,
    1.6243512075104818,
    1.6246470805394626,
    1.652303228482379,
    1.6570107037514892,
    1.625982459227014,
    1.5737915046892064,
    1.5154958306506776,
    1.519709140762249,
    1.5437266370186282,
    1.5824688079173794,
    1.6304204285132204,
    1.6709202041725284,
    1.6834131339620977,
    1.710774190670707,
    1.7144859832933943,
    1.704531081540211,
    1.7411898079620087,
    1.7897976288249418,
    1.7243754627050136,
    1.7598795489154861,
    1.7668924822945835,
    1.7927474756863164,
    1.8203514848933722,
    1.7696073364918588,
    1.8563232742438267,
    1.8737530410586314,
    1.9272127836437702,
    1.8950091697284828,
    1.8586475733312813,
    1.724223848276389,
    1.664340081580772,
    1.7094967882395065,
    1.7465626691500478,
    1.8559823894543077,
    1.952411728683771,
    1.9982491022150415,
    1.868053512277135,
    1.8836489729696537,
    1.985012924388674,
    1.998961761349299,
    2.1060153618144923,
    2.1759351210786306,
    2.170547717136575,
    2.2228385357801113,
    2.2501427411834083,
    2.2176033648324127,
    2.245661181823169,
    2.3114027466519955,
    2.2560734386031553,
    2.2842032172389883,
    2.3323944166058714,
    2.309257614954463,
    2.368033714017347,
    2.3598610014544903,
    2.3904083562326854,
    2.3734078693388425,
    2.4066139016216734,
    2.434879801405995,
    2.4672498919978514,
    2.4589367953155303,
    2.4656293215684157,
    2.4361306049698057,
    2.432003752646129,
    2.36643973631037,
    2.3580639112597974,
    2.3620274515462873,
    2.4352055506125554,
    2.4692586306670172,
    2.5367912694177384,
    2.5620752910727744,
    2.550427129327949,
    2.48253440983514,
    2.4805622172394104,
    2.3491724198723847,
    2.366852071287165,
    2.411974847117752,
    2.455330094833215,
    2.494509222256766,
    2.430131884927964,
    2.4317379751493062,
    2.394895168037756,
    2.3542680359446457,
    2.3573289740577508,
    2.4012714404662105,
    2.3736452382792255,
    2.450228761754478,
    2.472041257242917,
    2.5198649755314206,
    2.619112180625334,
    2.686568360574619,
    2.6749796236439027,
    2.7090746590938424,
    2.6667835750542017,
    2.63175003954909,
    2.6624670259297143,
    2.6372401508164565,
    2.491348735934577,
    2.2671115101206376,
    2.356148773844123,
    2.5225642867995246,
    2.673420110298499,
    2.7579212519490133,
    2.7561977266349187,
    2.81624430078007,
    2.8924749175575353,
    2.910052502905747,
    2.9142527137695446,
    2.974268734415614,
    3.0583679303571425,
    3.062474576532567,
    3.051489080726462,
    3.0368930338215256,
    3.120287941129443,
    3.160940077037985,
    3.1944608126021548,
    3.237877467643592,
    3.207322878014463,
    3.254332116284886,
    3.2636383796546222,
    3.264790986600614,
    3.1076650352860016
  ],