{
  "generatedSeed": 23,
  "params": {
    "periods": 52,
    "periodsPerYear": 52,
    "deployedFraction": 0.6,
    "ivBase": 0.65,
    "realizedFraction": 0.88,
    "premiumCapture": 0.8,
    "hedgeRatio": 0.02,
    "lossFloor": 0.1,
    "crashEpoch": 38,
    "crashMove": 0.25,
    "crashIvSpike": 2.5
  },
  "crashEpoch": 38,
  "navNaive": [
    1,
    0.9488859606326677,
    0.97516898783081,
    1.0018495504449494,
    0.9923740122999947,
    1.00615696305178,
    1.039501019810161,
    0.9754076455953197,
    0.9905624379018421,
    0.9991256439021978,
    1.0087526289119995,
    1.0505123284133413,
    1.0923726198426547,
    1.120083282575892,
    1.1463541616163466,
    1.1192712223197425,
    1.1660180399494855,
    1.1941177531072253,
    1.225722471694871,
    1.2688558438671071,
    1.2319820693554577,
    1.2589987070792268,
    1.289670921718038,
    1.2679233163396333,
    1.2380059685674027,
    1.2708583462073275,
    1.2836160859544292,
    1.295621885531629,
    1.2886784195692054,
    1.3144082237883004,
    1.2785206781757463,
    1.279512459496549,
    1.2860652565945012,
    1.2822504106781911,
    1.3165185077159725,
    1.360121644119336,
    1.3941437202910223,
    1.3802594111607862,
    1.4124058596354045,
    1.2616550016742687,
    1.2569078992962999,
    1.300015462402977,
    1.3511201917605262,
    1.3070078250157275,
    1.3572635820298367,
    1.3621016588134505,
    1.288474777079333,
    1.3169418912896491,
    1.3703792855292767,
    1.4153878423813702,
    1.4428013945157179,
    1.4481528830362345,
    1.4948770978592238
  ],
  "navHedged": [
    1,
    0.9474437401224821,
    0.9723203967112848,
    0.9975207216316611,
    0.9866474809004062,
    0.9989279333854681,
    1.0305917456391895,
    0.9672699003476494,
    0.9809032409872324,
    0.9879682664690388,
    0.9960628774777861,
    1.0358607124119203,
    1.0756432339876365,
    1.1013782008183848,
    1.125621933197024,
    1.097405403585672,
    1.1416562858255965,
    1.1675223882104027,
    1.1967393824514985,
    1.2371268729393898,
    1.1993909531701838,
    1.2239631007702512,
    1.252016539696573,
    1.2290982128609769,
    1.1983243341003271,
    1.2283954510808561,
    1.2389553023149764,
    1.248756538021851,
    1.2402632494226553,
    1.2632376613461895,
    1.2269253683748962,
    1.226107628958249,
    1.2306186050777745,
    1.225193406763791,
    1.2561696583225184,
    1.295962365197746,
    1.326510497975923,
    1.3113866290032223,
    1.340037711369828,
    1.2577028188158788,
    1.2511567021178274,
    1.2922625753355845,
    1.341198804423362,
    1.2954760540127135,
    1.3434200407720713,
    1.3462712631867169,
    1.2715584557547661,
    1.297817958952343,
    1.3486076239888067,
    1.3909561256798582,
    1.415890413341269,
    1.4191000602615866,
    1.4628402393309472
  ],
  "path": {
    "naive": {
      "apy": 0.49487709785922385,
      "maxDrawdown": 0.11009438914339012,
      "sharpe": 1.9598196740591214,
      "finalNav": 1.4948770978592238
    },
    "hedged": {
      "apy": 0.4628402393309472,
      "maxDrawdown": 0.06632724474682417,
      "sharpe": 2.0362319391205093,
      "finalNav": 1.4628402393309472
    }
  },
  "monteCarlo": {
    "runs": 1000,
    "naive": {
      "apy": 0.18676216983912436,
      "maxDrawdown": 0.19060469670915745,
      "sharpe": 0.8516868259078079,
      "finalNav": 1.1867621698391235
    },
    "hedged": {
      "apy": 0.17691141911835062,
      "maxDrawdown": 0.16453345321699814,
      "sharpe": 0.8662515703624257,
      "finalNav": 1.1769114191183505
    }
  }
}